<?xml version="1.0" encoding="UTF-8" ?>
<!DOCTYPE configuration PUBLIC "-//mybatis.org//DTD Config 3.0//EN"
"http://mybatis.org/dtd/mybatis-3-config.dtd">
<configuration>
	<typeAliases>
 		<typeAlias alias="buyer" type="com.green.distribution.model.Buyer" />
		<typeAlias alias="employee" type="com.green.distribution.model.Employee" />
 		<typeAlias alias="orderApproval" type="com.green.distribution.model.OrderApproval" />
		<typeAlias alias="orderProduct" type="com.green.distribution.model.OrderProduct" />
 		<typeAlias alias="pricing" type="com.green.distribution.model.Pricing" />
		<typeAlias alias="product" type="com.green.distribution.model.Product" />
	</typeAliases>
	<mappers> 
		<mapper resource="xml/buyer.xml" />
		<mapper resource="xml/employee.xml" />
		<!-- <mapper resource="xml/orderApproval.xml" /> -->
		<!-- <mapper resource="xml/orderProduct.xml" /> -->
 		<mapper resource="xml/pricing.xml" />
		<mapper resource="xml/product.xml" />
	</mappers>
</configuration>